idna_subject,checker_type,destination,tested_at
193.169.252.180,AVAILABILITY,domains.list,2024-10-10 04:30:08.662149+00:00
193.169.252.181,AVAILABILITY,domains.list,2024-10-10 04:30:18.840129+00:00
193.169.252.183,AVAILABILITY,domains.list,2024-10-10 04:30:29.023761+00:00
193.169.252.184,AVAILABILITY,domains.list,2024-10-10 04:30:39.176400+00:00
193.169.252.185,AVAILABILITY,domains.list,2024-10-10 04:30:49.352817+00:00
193.169.252.186,AVAILABILITY,domains.list,2024-10-10 04:30:59.578890+00:00
193.169.252.187,AVAILABILITY,domains.list,2024-10-10 04:31:09.740570+00:00
193.169.252.188,AVAILABILITY,domains.list,2024-10-10 04:31:19.901030+00:00
193.169.252.189,AVAILABILITY,domains.list,2024-10-10 04:31:30.083503+00:00
193.169.252.77,AVAILABILITY,domains.list,2024-10-10 04:31:40.326975+00:00
193.169.252.81,AVAILABILITY,domains.list,2024-10-10 04:31:50.496264+00:00
193.169.252.83,AVAILABILITY,domains.list,2024-10-10 04:32:00.649560+00:00
193.169.252.94,AVAILABILITY,domains.list,2024-10-10 04:32:10.826213+00:00
193.169.252.95,AVAILABILITY,domains.list,2024-10-10 04:32:21.040570+00:00
193.169.252.96,AVAILABILITY,domains.list,2024-10-10 04:32:31.222154+00:00
193.201.224.12,AVAILABILITY,domains.list,2024-10-10 04:32:41.423068+00:00
193.201.224.206,AVAILABILITY,domains.list,2024-10-10 04:32:51.588607+00:00
193.201.224.212,AVAILABILITY,domains.list,2024-10-10 04:33:01.824779+00:00
193.201.224.214,AVAILABILITY,domains.list,2024-10-10 04:33:12.027617+00:00
193.201.224.216,AVAILABILITY,domains.list,2024-10-10 04:33:22.186870+00:00
193.201.224.218,AVAILABILITY,domains.list,2024-10-10 04:33:32.385910+00:00
193.201.224.236,AVAILABILITY,domains.list,2024-10-10 04:33:42.560382+00:00
193.201.224.241,AVAILABILITY,domains.list,2024-10-10 04:33:52.726520+00:00
193.201.224.82,AVAILABILITY,domains.list,2024-10-10 04:34:02.907219+00:00
125.212.228.165,AVAILABILITY,domains.list,2024-10-10 04:34:14.966902+00:00
222.186.31.136,AVAILABILITY,domains.list,2024-10-10 04:34:21.782453+00:00
178.128.68.158,AVAILABILITY,domains.list,2024-10-10 04:34:32.023669+00:00
149.202.178.129,AVAILABILITY,domains.list,2024-10-10 04:34:42.422999+00:00
47.88.221.55,AVAILABILITY,domains.list,2024-10-10 04:34:43.700764+00:00
138.68.92.227,AVAILABILITY,domains.list,2024-10-10 04:34:44.071416+00:00
104.167.123.34,AVAILABILITY,domains.list,2024-10-10 04:35:04.315950+00:00
104.215.61.5,AVAILABILITY,domains.list,2024-10-10 04:35:14.466367+00:00
185.243.155.108,AVAILABILITY,domains.list,2024-10-10 04:35:24.632308+00:00
69.172.231.58,AVAILABILITY,domains.list,2024-10-10 04:35:47.908053+00:00
92.246.76.177,AVAILABILITY,domains.list,2024-10-10 04:35:58.566129+00:00
94.23.116.177,AVAILABILITY,domains.list,2024-10-10 04:36:09.001819+00:00
206.189.44.94,AVAILABILITY,domains.list,2024-10-10 04:36:19.358504+00:00
45.141.84.25,AVAILABILITY,domains.list,2024-10-10 04:36:30.867038+00:00
112.65.205.194,AVAILABILITY,domains.list,2024-10-10 04:36:35.294885+00:00
54.37.191.248,AVAILABILITY,domains.list,2024-10-10 04:36:45.761171+00:00
59.49.129.247,AVAILABILITY,domains.list,2024-10-10 04:37:08.904112+00:00
144.217.162.205,AVAILABILITY,domains.list,2024-10-10 04:37:19.197980+00:00
165.227.223.218,AVAILABILITY,domains.list,2024-10-10 04:37:29.474206+00:00
151.80.220.213,AVAILABILITY,domains.list,2024-10-10 04:37:39.888600+00:00
165.227.133.157,AVAILABILITY,domains.list,2024-10-10 04:37:50.089925+00:00
54.37.162.102,AVAILABILITY,domains.list,2024-10-10 04:38:00.660604+00:00
178.128.114.32,AVAILABILITY,domains.list,2024-10-10 04:38:01.572837+00:00
106.75.117.81,AVAILABILITY,domains.list,2024-10-10 04:38:12.970957+00:00
5.188.203.113,AVAILABILITY,domains.list,2024-10-10 04:38:23.698210+00:00
128.199.139.34,AVAILABILITY,domains.list,2024-10-10 04:38:24.340981+00:00
51.75.251.202,AVAILABILITY,domains.list,2024-10-10 04:38:34.773344+00:00
138.68.156.105,AVAILABILITY,domains.list,2024-10-10 04:38:35.205071+00:00
82.220.39.245,AVAILABILITY,domains.list,2024-10-10 04:38:46.988298+00:00
165.227.176.72,AVAILABILITY,domains.list,2024-10-10 04:38:57.191907+00:00
185.181.10.141,AVAILABILITY,domains.list,2024-10-10 04:39:16.705767+00:00
103.75.34.18,AVAILABILITY,domains.list,2024-10-10 04:39:27.165369+00:00
154.223.80.226,AVAILABILITY,domains.list,2024-10-10 04:39:27.744776+00:00
193.228.91.108,AVAILABILITY,domains.list,2024-10-10 04:39:38.743800+00:00
89.144.14.80,AVAILABILITY,domains.list,2024-10-10 04:39:49.541726+00:00
185.122.223.143,AVAILABILITY,domains.list,2024-10-10 04:40:00.570907+00:00
58.87.93.52,AVAILABILITY,domains.list,2024-10-10 04:40:10.968054+00:00
193.35.48.18,AVAILABILITY,domains.list,2024-10-10 04:40:22.522566+00:00
194.61.26.34,AVAILABILITY,domains.list,2024-10-10 04:40:32.707352+00:00
194.61.26.4,AVAILABILITY,domains.list,2024-10-10 04:40:43.058040+00:00
78.135.103.66,AVAILABILITY,domains.list,2024-10-10 04:40:53.481211+00:00
167.99.235.251,AVAILABILITY,domains.list,2024-10-10 04:41:03.772568+00:00
45.141.86.157,AVAILABILITY,domains.list,2024-10-10 04:41:05.201158+00:00
116.110.219.162,AVAILABILITY,domains.list,2024-10-10 04:41:16.195596+00:00
138.68.8.233,AVAILABILITY,domains.list,2024-10-10 04:41:26.473428+00:00
139.59.78.70,AVAILABILITY,domains.list,2024-10-10 04:41:36.689684+00:00
46.101.231.197,AVAILABILITY,domains.list,2024-10-10 04:41:46.982475+00:00
51.83.177.25,AVAILABILITY,domains.list,2024-10-10 04:41:57.521507+00:00
139.59.127.29,AVAILABILITY,domains.list,2024-10-10 04:42:07.730503+00:00
71.231.68.139,AVAILABILITY,domains.list,2024-10-10 04:42:17.994157+00:00
52.187.15.37,AVAILABILITY,domains.list,2024-10-10 04:42:28.143541+00:00
59.110.237.76,AVAILABILITY,domains.list,2024-10-10 04:42:29.123995+00:00
188.166.52.150,AVAILABILITY,domains.list,2024-10-10 04:42:29.597779+00:00
195.178.222.29,AVAILABILITY,domains.list,2024-10-10 04:42:43.558411+00:00
195.202.85.50,AVAILABILITY,domains.list,2024-10-10 04:45:47.893292+00:00
195.245.225.95,AVAILABILITY,domains.list,2024-10-10 04:45:58.888121+00:00
195.53.107.60,AVAILABILITY,domains.list,2024-10-10 04:46:10.324571+00:00
195.69.221.254,AVAILABILITY,domains.list,2024-10-10 04:46:21.380410+00:00
196.204.6.175,AVAILABILITY,domains.list,2024-10-10 04:46:32.699761+00:00
198.12.32.123,AVAILABILITY,domains.list,2024-10-10 04:46:42.876465+00:00
198.50.144.54,AVAILABILITY,domains.list,2024-10-10 04:46:55.013725+00:00
199.83.199.14,AVAILABILITY,domains.list,2024-10-10 04:47:06.331383+00:00
202.196.52.8,AVAILABILITY,domains.list,2024-10-10 04:47:24.715333+00:00
202.28.80.169,AVAILABILITY,domains.list,2024-10-10 04:47:39.092779+00:00
202.29.224.50,AVAILABILITY,domains.list,2024-10-10 04:47:49.927173+00:00
202.55.176.202,AVAILABILITY,domains.list,2024-10-10 04:48:02.210217+00:00
204.10.105.9,AVAILABILITY,domains.list,2024-10-10 04:48:12.612228+00:00
206.189.167.156,AVAILABILITY,domains.list,2024-10-10 04:48:22.850772+00:00
207.154.226.21,AVAILABILITY,domains.list,2024-10-10 04:48:23.729084+00:00
207.164.87.242,AVAILABILITY,domains.list,2024-10-10 04:48:34.166671+00:00
212.112.98.158,AVAILABILITY,domains.list,2024-10-10 04:48:46.017849+00:00
212.15.99.53,AVAILABILITY,domains.list,2024-10-10 04:48:57.613235+00:00
212.235.19.204,AVAILABILITY,domains.list,2024-10-10 04:49:08.293084+00:00
213.165.33.198,AVAILABILITY,domains.list,2024-10-10 04:49:23.715599+00:00
213.192.90.83,AVAILABILITY,domains.list,2024-10-10 04:49:34.916597+00:00
213.32.28.162,AVAILABILITY,domains.list,2024-10-10 04:49:45.586201+00:00
213.32.61.253,AVAILABILITY,domains.list,2024-10-10 04:49:56.267423+00:00
213.55.214.171,AVAILABILITY,domains.list,2024-10-10 04:49:56.833865+00:00
213.57.26.237,AVAILABILITY,domains.list,2024-10-10 04:50:18.449911+00:00
217.160.180.118,AVAILABILITY,domains.list,2024-10-10 04:50:28.897452+00:00
217.64.142.251,AVAILABILITY,domains.list,2024-10-10 04:50:39.105699+00:00
217.96.70.250,AVAILABILITY,domains.list,2024-10-10 04:50:50.455127+00:00
218.106.244.72,AVAILABILITY,domains.list,2024-10-10 04:51:20.590738+00:00
218.147.227.197,AVAILABILITY,domains.list,2024-10-10 04:51:31.563269+00:00
218.153.113.25,AVAILABILITY,domains.list,2024-10-10 04:51:42.998924+00:00
218.60.56.174,AVAILABILITY,domains.list,2024-10-10 04:51:44.653908+00:00
218.76.52.11,AVAILABILITY,domains.list,2024-10-10 04:51:55.949484+00:00
219.133.177.28,AVAILABILITY,domains.list,2024-10-10 04:52:06.844200+00:00
219.133.177.75,AVAILABILITY,domains.list,2024-10-10 04:52:17.634211+00:00
219.133.178.228,AVAILABILITY,domains.list,2024-10-10 04:52:28.283477+00:00
219.148.59.154,AVAILABILITY,domains.list,2024-10-10 04:52:38.867941+00:00
221.0.183.42,AVAILABILITY,domains.list,2024-10-10 04:52:49.799674+00:00
221.4.174.104,AVAILABILITY,domains.list,2024-10-10 04:53:00.910814+00:00
221.4.174.149,AVAILABILITY,domains.list,2024-10-10 04:53:12.039666+00:00
221.4.174.197,AVAILABILITY,domains.list,2024-10-10 04:53:23.250571+00:00
221.4.174.230,AVAILABILITY,domains.list,2024-10-10 04:53:33.964385+00:00
221.4.174.26,AVAILABILITY,domains.list,2024-10-10 04:53:44.782184+00:00
221.4.174.39,AVAILABILITY,domains.list,2024-10-10 04:53:55.706470+00:00
221.5.37.194,AVAILABILITY,domains.list,2024-10-10 04:54:06.461773+00:00
222.135.176.219,AVAILABILITY,domains.list,2024-10-10 04:54:17.431633+00:00
222.175.134.10,AVAILABILITY,domains.list,2024-10-10 04:54:28.425729+00:00
222.186.15.246,AVAILABILITY,domains.list,2024-10-10 04:54:39.412266+00:00
222.197.183.22,AVAILABILITY,domains.list,2024-10-10 04:54:57.542465+00:00
223.146.71.5,AVAILABILITY,domains.list,2024-10-10 04:55:07.761408+00:00
223.73.84.165,AVAILABILITY,domains.list,2024-10-10 04:55:30.903011+00:00
223.73.84.25,AVAILABILITY,domains.list,2024-10-10 04:55:53.814030+00:00
223.73.84.68,AVAILABILITY,domains.list,2024-10-10 04:56:21.970387+00:00
223.74.115.189,AVAILABILITY,domains.list,2024-10-10 04:56:49.892783+00:00
223.74.115.191,AVAILABILITY,domains.list,2024-10-10 04:57:20.022533+00:00
223.74.115.219,AVAILABILITY,domains.list,2024-10-10 04:57:41.847873+00:00
223.74.168.105,AVAILABILITY,domains.list,2024-10-10 04:58:03.686545+00:00
223.74.168.235,AVAILABILITY,domains.list,2024-10-10 04:58:25.328260+00:00
223.74.36.236,AVAILABILITY,domains.list,2024-10-10 04:58:46.637089+00:00
223.74.36.243,AVAILABILITY,domains.list,2024-10-10 05:01:45.965175+00:00
23.106.254.19,AVAILABILITY,domains.list,2024-10-10 05:01:56.134728+00:00
31.214.144.16,AVAILABILITY,domains.list,2024-10-10 05:01:58.004799+00:00
36.158.249.189,AVAILABILITY,domains.list,2024-10-10 05:02:14.337814+00:00
36.158.251.71,AVAILABILITY,domains.list,2024-10-10 05:02:32.126684+00:00
149.56.12.204,AVAILABILITY,domains.list,2024-10-10 05:02:42.343552+00:00
51.91.136.174,AVAILABILITY,domains.list,2024-10-10 05:02:52.957188+00:00
151.80.209.237,AVAILABILITY,domains.list,2024-10-10 05:03:03.506971+00:00
37.203.239.192,AVAILABILITY,domains.list,2024-10-10 05:03:14.118118+00:00
37.208.47.117,AVAILABILITY,domains.list,2024-10-10 05:03:25.302263+00:00
37.49.226.157,AVAILABILITY,domains.list,2024-10-10 05:03:35.801904+00:00
37.49.226.173,AVAILABILITY,domains.list,2024-10-10 05:03:46.951924+00:00
37.49.226.209,AVAILABILITY,domains.list,2024-10-10 05:03:57.638646+00:00
37.49.226.212,AVAILABILITY,domains.list,2024-10-10 05:04:08.238155+00:00
37.49.226.213,AVAILABILITY,domains.list,2024-10-10 05:04:18.987783+00:00
37.49.226.248,AVAILABILITY,domains.list,2024-10-10 05:04:29.849405+00:00
37.49.226.32,AVAILABILITY,domains.list,2024-10-10 05:04:40.432201+00:00
39.104.17.56,AVAILABILITY,domains.list,2024-10-10 05:04:46.375883+00:00
41.203.76.251,AVAILABILITY,domains.list,2024-10-10 05:04:56.553935+00:00
41.203.76.254,AVAILABILITY,domains.list,2024-10-10 05:05:07.259775+00:00
41.221.168.159,AVAILABILITY,domains.list,2024-10-10 05:05:18.525417+00:00
41.78.235.40,AVAILABILITY,domains.list,2024-10-10 05:05:30.797114+00:00
42.159.85.237,AVAILABILITY,domains.list,2024-10-10 05:05:42.201499+00:00
42.56.92.103,AVAILABILITY,domains.list,2024-10-10 05:05:52.543290+00:00
107.170.91.99,AVAILABILITY,domains.list,2024-10-10 05:06:02.834153+00:00
185.211.88.119,AVAILABILITY,domains.list,2024-10-10 05:06:14.330889+00:00
118.31.39.88,AVAILABILITY,domains.list,2024-10-10 05:06:15.971472+00:00
159.65.167.144,AVAILABILITY,domains.list,2024-10-10 05:06:26.169025+00:00
206.81.3.84,AVAILABILITY,domains.list,2024-10-10 05:06:26.473936+00:00
52.148.128.72,AVAILABILITY,domains.list,2024-10-10 05:06:36.616444+00:00
209.182.219.170,AVAILABILITY,domains.list,2024-10-10 05:06:47.188297+00:00
185.100.87.246,AVAILABILITY,domains.list,2024-10-10 05:06:58.231748+00:00
159.89.37.68,AVAILABILITY,domains.list,2024-10-10 05:06:58.436285+00:00
179.108.38.59,AVAILABILITY,domains.list,2024-10-10 05:07:08.898536+00:00
204.85.191.30,AVAILABILITY,domains.list,2024-10-10 05:07:19.580512+00:00
212.86.53.163,AVAILABILITY,domains.list,2024-10-10 05:07:32.299575+00:00
138.68.57.194,AVAILABILITY,domains.list,2024-10-11 03:50:11.077541+00:00
159.203.161.141,AVAILABILITY,domains.list,2024-10-11 03:57:21.229445+00:00
96.75.59.189,AVAILABILITY,domains.list,2024-10-11 03:57:31.820434+00:00
109.104.88.43,AVAILABILITY,domains.list,2024-10-11 03:57:53.612069+00:00
178.128.98.86,AVAILABILITY,domains.list,2024-10-11 03:58:03.868231+00:00
68.183.70.62,AVAILABILITY,domains.list,2024-10-11 03:58:14.167029+00:00
193.142.59.19,AVAILABILITY,domains.list,2024-10-11 03:58:15.276318+00:00
178.128.245.109,AVAILABILITY,domains.list,2024-10-11 03:58:25.715096+00:00
42.56.92.29,AVAILABILITY,domains.list,2024-10-11 03:58:36.204231+00:00
43.248.123.178,AVAILABILITY,domains.list,2024-10-11 03:58:46.522056+00:00
45.119.212.105,AVAILABILITY,domains.list,2024-10-11 03:58:58.914013+00:00
45.141.86.128,AVAILABILITY,domains.list,2024-10-11 03:59:10.764843+00:00
45.40.249.24,AVAILABILITY,domains.list,2024-10-11 03:59:20.911440+00:00
45.55.182.97,AVAILABILITY,domains.list,2024-10-11 03:59:31.115010+00:00
149.56.131.129,AVAILABILITY,domains.list,2024-10-11 03:59:41.633715+00:00
37.49.224.162,AVAILABILITY,domains.list,2024-10-11 03:59:52.737902+00:00
45.55.238.20,AVAILABILITY,domains.list,2024-10-11 04:00:02.962593+00:00
45.6.84.14,AVAILABILITY,domains.list,2024-10-11 04:00:13.137051+00:00
46.101.103.191,AVAILABILITY,domains.list,2024-10-11 04:00:14.037847+00:00
46.161.9.31,AVAILABILITY,domains.list,2024-10-11 04:00:24.292009+00:00
47.105.50.212,AVAILABILITY,domains.list,2024-10-11 04:00:25.647846+00:00
47.203.95.143,AVAILABILITY,domains.list,2024-10-11 04:00:36.228550+00:00
47.205.245.164,AVAILABILITY,domains.list,2024-10-11 04:00:46.693225+00:00
47.74.182.171,AVAILABILITY,domains.list,2024-10-11 04:00:57.254107+00:00
47.90.102.190,AVAILABILITY,domains.list,2024-10-11 04:01:07.848959+00:00
5.188.136.151,AVAILABILITY,domains.list,2024-10-11 04:01:20.404701+00:00
5.196.125.195,AVAILABILITY,domains.list,2024-10-11 04:01:31.044572+00:00
5.196.188.44,AVAILABILITY,domains.list,2024-10-11 04:01:41.716017+00:00
5.39.6.89,AVAILABILITY,domains.list,2024-10-11 04:01:52.648518+00:00
51.255.4.48,AVAILABILITY,domains.list,2024-10-11 04:02:03.326543+00:00
52.231.184.181,AVAILABILITY,domains.list,2024-10-11 04:02:13.519443+00:00
54.38.244.150,AVAILABILITY,domains.list,2024-10-11 04:02:24.433870+00:00
54.38.39.241,AVAILABILITY,domains.list,2024-10-11 04:02:35.051693+00:00
58.137.157.77,AVAILABILITY,domains.list,2024-10-11 04:02:45.586371+00:00
58.20.63.59,AVAILABILITY,domains.list,2024-10-11 04:02:58.151071+00:00
58.210.177.81,AVAILABILITY,domains.list,2024-10-11 04:03:09.414975+00:00
58.215.218.22,AVAILABILITY,domains.list,2024-10-11 04:03:20.559560+00:00
58.218.198.141,AVAILABILITY,domains.list,2024-10-11 04:03:32.221583+00:00
58.218.198.168,AVAILABILITY,domains.list,2024-10-11 04:03:43.246990+00:00
58.218.198.185,AVAILABILITY,domains.list,2024-10-11 04:03:54.106192+00:00
58.221.199.242,AVAILABILITY,domains.list,2024-10-11 04:04:05.001886+00:00
58.242.83.15,AVAILABILITY,domains.list,2024-10-11 04:04:15.161139+00:00
58.242.83.18,AVAILABILITY,domains.list,2024-10-11 04:07:00.912137+00:00
58.242.83.26,AVAILABILITY,domains.list,2024-10-11 04:07:11.546324+00:00
58.242.83.27,AVAILABILITY,domains.list,2024-10-11 04:07:22.209486+00:00
58.242.83.28,AVAILABILITY,domains.list,2024-10-11 04:07:32.573859+00:00
58.242.83.34,AVAILABILITY,domains.list,2024-10-11 04:07:42.835023+00:00
58.242.83.35,AVAILABILITY,domains.list,2024-10-11 04:07:53.101157+00:00
58.242.83.36,AVAILABILITY,domains.list,2024-10-11 04:08:03.367538+00:00
58.242.83.37,AVAILABILITY,domains.list,2024-10-11 04:08:13.699039+00:00
58.242.83.38,AVAILABILITY,domains.list,2024-10-11 04:08:24.115695+00:00
58.27.48.16,AVAILABILITY,domains.list,2024-10-11 04:08:35.985921+00:00
58.59.2.26,AVAILABILITY,domains.list,2024-10-11 04:08:57.265911+00:00
58.82.183.95,AVAILABILITY,domains.list,2024-10-11 04:09:07.532243+00:00
61.178.41.122,AVAILABILITY,domains.list,2024-10-11 04:09:18.864602+00:00
61.35.89.157,AVAILABILITY,domains.list,2024-10-11 04:09:31.741357+00:00
61.72.255.26,AVAILABILITY,domains.list,2024-10-11 04:09:43.126271+00:00
62.102.148.152,AVAILABILITY,domains.list,2024-10-11 04:09:53.698960+00:00
62.102.148.164,AVAILABILITY,domains.list,2024-10-11 04:10:04.451402+00:00
62.210.130.211,AVAILABILITY,domains.list,2024-10-11 04:10:06.408205+00:00
64.227.110.152,AVAILABILITY,domains.list,2024-10-11 04:10:16.692314+00:00
64.52.169.93,AVAILABILITY,domains.list,2024-10-11 04:10:28.179501+00:00
66.111.41.200,AVAILABILITY,domains.list,2024-10-11 04:10:38.571424+00:00
69.160.29.200,AVAILABILITY,domains.list,2024-10-11 04:10:48.795286+00:00
71.6.202.198,AVAILABILITY,domains.list,2024-10-11 04:10:59.440891+00:00
79.120.176.38,AVAILABILITY,domains.list,2024-10-11 04:11:10.827790+00:00
81.255.105.165,AVAILABILITY,domains.list,2024-10-11 04:11:21.593278+00:00
82.145.46.102,AVAILABILITY,domains.list,2024-10-11 04:11:32.113889+00:00
82.196.5.99,AVAILABILITY,domains.list,2024-10-11 04:11:42.543658+00:00
82.200.205.71,AVAILABILITY,domains.list,2024-10-11 04:11:53.822270+00:00
82.223.110.159,AVAILABILITY,domains.list,2024-10-11 04:12:04.361403+00:00
82.223.36.139,AVAILABILITY,domains.list,2024-10-11 04:12:15.132644+00:00
84.200.22.205,AVAILABILITY,domains.list,2024-10-11 04:12:25.999386+00:00
86.110.118.172,AVAILABILITY,domains.list,2024-10-11 04:12:41.332586+00:00
86.35.30.169,AVAILABILITY,domains.list,2024-10-11 04:12:52.464447+00:00
88.41.58.86,AVAILABILITY,domains.list,2024-10-11 04:13:03.592879+00:00
88.87.202.71,AVAILABILITY,domains.list,2024-10-11 04:13:13.918522+00:00
89.144.16.173,AVAILABILITY,domains.list,2024-10-11 04:13:25.026893+00:00
91.189.201.70,AVAILABILITY,domains.list,2024-10-11 04:13:45.921380+00:00
91.236.116.214,AVAILABILITY,domains.list,2024-10-11 04:13:56.927410+00:00
92.119.160.80,AVAILABILITY,domains.list,2024-10-11 04:14:07.169117+00:00
92.63.67.147,AVAILABILITY,domains.list,2024-10-11 04:14:19.002351+00:00
92.87.13.175,AVAILABILITY,domains.list,2024-10-11 04:14:30.246738+00:00
94.177.137.133,AVAILABILITY,domains.list,2024-10-11 04:14:47.458172+00:00
94.32.66.122,AVAILABILITY,domains.list,2024-10-11 04:14:58.597048+00:00
94.75.212.203,AVAILABILITY,domains.list,2024-10-11 04:15:09.041709+00:00
95.174.65.246,AVAILABILITY,domains.list,2024-10-11 04:15:19.744209+00:00
95.180.254.199,AVAILABILITY,domains.list,2024-10-11 04:15:31.339652+00:00
95.211.152.67,AVAILABILITY,domains.list,2024-10-11 04:15:41.699046+00:00
95.85.16.178,AVAILABILITY,domains.list,2024-10-11 04:15:51.992652+00:00
95.85.29.62,AVAILABILITY,domains.list,2024-10-11 04:16:02.403451+00:00
92.222.136.169,AVAILABILITY,domains.list,2024-10-11 04:16:13.022536+00:00
178.62.231.110,AVAILABILITY,domains.list,2024-10-11 04:16:23.283819+00:00
185.234.217.132,AVAILABILITY,domains.list,2024-10-11 04:16:33.441767+00:00
45.141.84.10,AVAILABILITY,domains.list,2024-10-11 04:16:44.591371+00:00
46.101.125.74,AVAILABILITY,domains.list,2024-10-11 04:16:55.013874+00:00
116.110.117.42,AVAILABILITY,domains.list,2024-10-11 04:17:06.101827+00:00
193.169.252.115,AVAILABILITY,domains.list,2024-10-11 04:17:16.352610+00:00
37.59.207.237,AVAILABILITY,domains.list,2024-10-11 04:17:27.105041+00:00
51.68.90.168,AVAILABILITY,domains.list,2024-10-11 04:17:27.837071+00:00
185.234.217.108,AVAILABILITY,domains.list,2024-10-11 04:17:37.965471+00:00
185.234.217.151,AVAILABILITY,domains.list,2024-10-11 04:17:48.224787+00:00
185.234.217.106,AVAILABILITY,domains.list,2024-10-11 04:17:58.470611+00:00
94.38.215.179,AVAILABILITY,domains.list,2024-10-11 04:18:08.606896+00:00
116.105.215.232,AVAILABILITY,domains.list,2024-10-11 04:18:20.471640+00:00
85.93.3.14,AVAILABILITY,domains.list,2024-10-11 04:18:31.146976+00:00
51.91.158.51,AVAILABILITY,domains.list,2024-10-11 04:18:41.697454+00:00
149.56.192.219,AVAILABILITY,domains.list,2024-10-11 04:18:52.110970+00:00
164.52.24.164,AVAILABILITY,domains.list,2024-10-11 04:19:08.170233+00:00
64.74.161.57,AVAILABILITY,domains.list,2024-10-11 04:19:19.437488+00:00
138.68.237.168,AVAILABILITY,domains.list,2024-10-11 04:19:29.752270+00:00
145.239.212.20,AVAILABILITY,domains.list,2024-10-11 04:19:40.775374+00:00
              ,AVAILABILITY,domains.list,2024-10-11 04:19:40.899010+00:00
               ,AVAILABILITY,domains.list,2024-10-11 04:19:41.027855+00:00
1.23.62.172,AVAILABILITY,domains.list,2024-10-11 04:20:00.281293+00:00
103.145.253.201,AVAILABILITY,domains.list,2024-10-11 04:22:31.925595+00:00
103.207.36.141,AVAILABILITY,domains.list,2024-10-11 04:22:32.808885+00:00
103.207.36.202,AVAILABILITY,domains.list,2024-10-11 04:22:33.664826+00:00
103.207.38.195,AVAILABILITY,domains.list,2024-10-11 04:22:34.427333+00:00
103.40.22.73,AVAILABILITY,domains.list,2024-10-11 04:22:44.682999+00:00
103.44.132.44,AVAILABILITY,domains.list,2024-10-11 04:23:12.837155+00:00
103.70.29.62,AVAILABILITY,domains.list,2024-10-11 04:23:26.767786+00:00
103.80.36.19,AVAILABILITY,domains.list,2024-10-11 04:23:39.635741+00:00
103.89.91.94,AVAILABILITY,domains.list,2024-10-11 04:23:49.897415+00:00
103.9.158.159,AVAILABILITY,domains.list,2024-10-11 04:24:12.477240+00:00
104.131.106.203,AVAILABILITY,domains.list,2024-10-11 04:24:22.774996+00:00
104.131.109.173,AVAILABILITY,domains.list,2024-10-11 04:24:32.960937+00:00
104.131.158.236,AVAILABILITY,domains.list,2024-10-11 04:24:43.154435+00:00
104.131.86.222,AVAILABILITY,domains.list,2024-10-11 04:24:53.350674+00:00
104.131.86.71,AVAILABILITY,domains.list,2024-10-11 04:25:03.619891+00:00
104.211.203.193,AVAILABILITY,domains.list,2024-10-11 04:25:13.759781+00:00
104.214.234.214,AVAILABILITY,domains.list,2024-10-11 04:25:23.895841+00:00
104.215.156.172,AVAILABILITY,domains.list,2024-10-11 04:25:34.042064+00:00
104.236.101.68,AVAILABILITY,domains.list,2024-10-11 04:25:44.249864+00:00
104.236.129.219,AVAILABILITY,domains.list,2024-10-11 04:25:54.462577+00:00
104.236.234.82,AVAILABILITY,domains.list,2024-10-11 04:26:04.735974+00:00
104.248.37.249,AVAILABILITY,domains.list,2024-10-11 04:26:14.925037+00:00
104.248.53.184,AVAILABILITY,domains.list,2024-10-11 04:26:25.125547+00:00
104.41.164.126,AVAILABILITY,domains.list,2024-10-11 04:26:35.273294+00:00
106.12.210.241,AVAILABILITY,domains.list,2024-10-11 04:26:46.927712+00:00
106.12.214.120,AVAILABILITY,domains.list,2024-10-11 04:26:58.996962+00:00
106.12.34.154,AVAILABILITY,domains.list,2024-10-11 04:27:11.519096+00:00
106.13.26.253,AVAILABILITY,domains.list,2024-10-11 04:27:23.374299+00:00
106.13.62.184,AVAILABILITY,domains.list,2024-10-11 04:27:34.827150+00:00
109.248.9.9,AVAILABILITY,domains.list,2024-10-11 04:27:45.007750+00:00
111.231.190.181,AVAILABILITY,domains.list,2024-10-11 04:27:55.788602+00:00
111.73.46.169,AVAILABILITY,domains.list,2024-10-11 04:28:06.025632+00:00
111.85.15.196,AVAILABILITY,domains.list,2024-10-11 04:28:16.177379+00:00
112.21.182.99,AVAILABILITY,domains.list,2024-10-11 04:28:28.708962+00:00
112.85.42.194,AVAILABILITY,domains.list,2024-10-11 04:28:39.966810+00:00
113.109.48.166,AVAILABILITY,domains.list,2024-10-11 04:28:50.409793+00:00
113.116.98.198,AVAILABILITY,domains.list,2024-10-11 04:29:00.675678+00:00
113.193.226.3,AVAILABILITY,domains.list,2024-10-11 04:29:17.484546+00:00
114.237.109.207,AVAILABILITY,domains.list,2024-10-11 04:29:28.758043+00:00
114.237.109.43,AVAILABILITY,domains.list,2024-10-11 04:29:39.800410+00:00
114.237.109.95,AVAILABILITY,domains.list,2024-10-11 04:29:51.242672+00:00
115.208.240.137,AVAILABILITY,domains.list,2024-10-11 04:30:02.414507+00:00
115.236.71.44,AVAILABILITY,domains.list,2024-10-11 04:30:23.305034+00:00
115.238.245.14,AVAILABILITY,domains.list,2024-10-11 04:30:39.638255+00:00
115.238.245.2,AVAILABILITY,domains.list,2024-10-11 04:30:42.214479+00:00
173.82.173.83,AVAILABILITY,domains.list,2024-10-11 04:30:52.482278+00:00
173.82.232.98,AVAILABILITY,domains.list,2024-10-11 04:31:02.742414+00:00
47.254.147.224,AVAILABILITY,domains.list,2024-10-11 04:31:13.561119+00:00
67.205.153.81,AVAILABILITY,domains.list,2024-10-11 04:31:13.772705+00:00
211.159.167.87,AVAILABILITY,domains.list,2024-10-11 04:31:15.442840+00:00
192.241.136.24,AVAILABILITY,domains.list,2024-10-11 04:31:15.643705+00:00
54.39.99.246,AVAILABILITY,domains.list,2024-10-11 04:31:25.933276+00:00
104.248.131.112,AVAILABILITY,domains.list,2024-10-11 04:31:36.139267+00:00
115.238.245.4,AVAILABILITY,domains.list,2024-10-11 04:31:43.228414+00:00
116.105.216.179,AVAILABILITY,domains.list,2024-10-11 04:31:54.747879+00:00
116.110.220.28,AVAILABILITY,domains.list,2024-10-11 04:32:06.258639+00:00
116.110.220.34,AVAILABILITY,domains.list,2024-10-11 04:32:17.228250+00:00
116.110.80.6,AVAILABILITY,domains.list,2024-10-11 04:32:29.055071+00:00
116.110.95.195,AVAILABILITY,domains.list,2024-10-11 04:32:40.426019+00:00
116.31.116.15,AVAILABILITY,domains.list,2024-10-11 04:32:52.225356+00:00
116.31.116.24,AVAILABILITY,domains.list,2024-10-11 04:33:04.288561+00:00
116.31.116.25,AVAILABILITY,domains.list,2024-10-11 04:33:15.951514+00:00
116.31.116.26,AVAILABILITY,domains.list,2024-10-11 04:33:32.843795+00:00
116.31.116.35,AVAILABILITY,domains.list,2024-10-11 04:33:44.121653+00:00
117.0.35.153,AVAILABILITY,domains.list,2024-10-11 04:33:55.876982+00:00
117.156.94.32,AVAILABILITY,domains.list,2024-10-11 04:34:07.157943+00:00
159.203.116.244,AVAILABILITY,domains.list,2024-10-11 04:34:07.452281+00:00
118.187.4.130,AVAILABILITY,domains.list,2024-10-11 04:34:31.076359+00:00
118.187.6.111,AVAILABILITY,domains.list,2024-10-11 04:34:59.657268+00:00
118.187.7.37,AVAILABILITY,domains.list,2024-10-11 04:35:13.612601+00:00
118.190.111.5,AVAILABILITY,domains.list,2024-10-11 04:35:24.652241+00:00
118.193.207.162,AVAILABILITY,domains.list,2024-10-11 04:35:37.230942+00:00
118.23.153.177,AVAILABILITY,domains.list,2024-10-11 04:38:20.197592+00:00
118.24.138.68,AVAILABILITY,domains.list,2024-10-11 04:38:30.837092+00:00
118.24.33.147,AVAILABILITY,domains.list,2024-10-11 04:38:41.399101+00:00
118.24.72.96,AVAILABILITY,domains.list,2024-10-11 04:38:52.228994+00:00
45.95.168.105,AVAILABILITY,domains.list,2024-10-11 04:39:03.363544+00:00
118.24.78.87,AVAILABILITY,domains.list,2024-10-11 04:39:13.998697+00:00
118.244.238.4,AVAILABILITY,domains.list,2024-10-11 04:39:25.254201+00:00
119.123.58.118,AVAILABILITY,domains.list,2024-10-11 04:39:35.666784+00:00
119.138.43.148,AVAILABILITY,domains.list,2024-10-11 04:39:45.878714+00:00
119.144.202.220,AVAILABILITY,domains.list,2024-10-11 04:39:56.086763+00:00
119.144.202.54,AVAILABILITY,domains.list,2024-10-11 04:40:06.266533+00:00
119.149.145.80,AVAILABILITY,domains.list,2024-10-11 04:40:16.767874+00:00
119.235.21.178,AVAILABILITY,domains.list,2024-10-11 04:40:27.755853+00:00
119.249.54.217,AVAILABILITY,domains.list,2024-10-11 04:40:47.576791+00:00
119.27.189.149,AVAILABILITY,domains.list,2024-10-11 04:40:57.946295+00:00
119.57.251.164,AVAILABILITY,domains.list,2024-10-11 04:41:21.769484+00:00
119.60.9.7,AVAILABILITY,domains.list,2024-10-11 04:41:32.107189+00:00
121.181.127.115,AVAILABILITY,domains.list,2024-10-11 04:41:43.193543+00:00
121.43.189.252,AVAILABILITY,domains.list,2024-10-11 04:41:54.211159+00:00
122.226.181.164,AVAILABILITY,domains.list,2024-10-11 04:42:04.864191+00:00
122.226.181.165,AVAILABILITY,domains.list,2024-10-11 04:42:15.582925+00:00
122.226.181.166,AVAILABILITY,domains.list,2024-10-11 04:42:32.884685+00:00
122.226.181.167,AVAILABILITY,domains.list,2024-10-11 04:42:43.718077+00:00
122.51.207.130,AVAILABILITY,domains.list,2024-10-11 04:42:44.824685+00:00
123.113.125.188,AVAILABILITY,domains.list,2024-10-11 04:42:56.114644+00:00
123.207.39.209,AVAILABILITY,domains.list,2024-10-11 04:42:57.535586+00:00
124.128.225.190,AVAILABILITY,domains.list,2024-10-11 04:43:09.419424+00:00
124.158.5.112,AVAILABILITY,domains.list,2024-10-11 04:43:20.345584+00:00
125.120.205.138,AVAILABILITY,domains.list,2024-10-11 04:43:31.207809+00:00
125.134.251.45,AVAILABILITY,domains.list,2024-10-11 04:43:42.702728+00:00
125.138.211.245,AVAILABILITY,domains.list,2024-10-11 04:43:53.912390+00:00
128.0.116.86,AVAILABILITY,domains.list,2024-10-11 04:44:04.226785+00:00
128.0.117.36,AVAILABILITY,domains.list,2024-10-11 04:44:14.374569+00:00
128.1.163.61,AVAILABILITY,domains.list,2024-10-11 04:44:24.747751+00:00
128.77.34.95,AVAILABILITY,domains.list,2024-10-11 04:44:34.957898+00:00
129.213.158.239,AVAILABILITY,domains.list,2024-10-11 04:44:45.309667+00:00
129.226.132.176,AVAILABILITY,domains.list,2024-10-11 04:44:56.088302+00:00
13.67.90.28,AVAILABILITY,domains.list,2024-10-11 04:45:06.248638+00:00
13.78.103.72,AVAILABILITY,domains.list,2024-10-11 04:45:16.433257+00:00
131.161.43.34,AVAILABILITY,domains.list,2024-10-11 04:45:28.067414+00:00
132.232.95.27,AVAILABILITY,domains.list,2024-10-11 04:45:38.250077+00:00
134.175.242.162,AVAILABILITY,domains.list,2024-10-11 04:45:48.711952+00:00
134.255.235.69,AVAILABILITY,domains.list,2024-10-11 04:46:00.072985+00:00
137.74.233.252,AVAILABILITY,domains.list,2024-10-11 04:46:10.715070+00:00
137.74.65.133,AVAILABILITY,domains.list,2024-10-11 04:46:21.671204+00:00
138.121.71.4,AVAILABILITY,domains.list,2024-10-11 04:46:33.225130+00:00
139.198.4.44,AVAILABILITY,domains.list,2024-10-11 04:46:44.614280+00:00
139.199.248.123,AVAILABILITY,domains.list,2024-10-11 04:46:55.164641+00:00
139.199.248.209,AVAILABILITY,domains.list,2024-10-11 04:47:05.542553+00:00
139.217.15.94,AVAILABILITY,domains.list,2024-10-11 04:47:16.543022+00:00
139.217.239.80,AVAILABILITY,domains.list,2024-10-11 04:47:27.266035+00:00
139.59.38.19,AVAILABILITY,domains.list,2024-10-11 04:47:37.483179+00:00
14.63.228.101,AVAILABILITY,domains.list,2024-10-11 04:47:48.616302+00:00
141.138.158.105,AVAILABILITY,domains.list,2024-10-11 04:48:12.050165+00:00
141.98.80.153,AVAILABILITY,domains.list,2024-10-11 04:48:22.285829+00:00
141.98.80.32,AVAILABILITY,domains.list,2024-10-11 04:48:32.470701+00:00
141.98.80.44,AVAILABILITY,domains.list,2024-10-11 04:48:33.002549+00:00
165.22.110.41,AVAILABILITY,domains.list,2024-10-11 04:48:43.410542+00:00
141.98.80.46,AVAILABILITY,domains.list,2024-10-11 04:48:53.644700+00:00
141.98.80.47,AVAILABILITY,domains.list,2024-10-11 04:49:03.982727+00:00
141.98.80.48,AVAILABILITY,domains.list,2024-10-11 04:49:14.167736+00:00
142.4.200.211,AVAILABILITY,domains.list,2024-10-11 04:49:24.464896+00:00
142.44.207.84,AVAILABILITY,domains.list,2024-10-11 04:49:34.759286+00:00
146.185.145.41,AVAILABILITY,domains.list,2024-10-11 04:49:45.156996+00:00
146.20.15.118,AVAILABILITY,domains.list,2024-10-11 04:49:55.546695+00:00
149.202.169.211,AVAILABILITY,domains.list,2024-10-11 04:50:06.309182+00:00
149.202.174.248,AVAILABILITY,domains.list,2024-10-11 04:50:16.758361+00:00
149.202.178.136,AVAILABILITY,domains.list,2024-10-11 04:50:27.548659+00:00
152.136.23.197,AVAILABILITY,domains.list,2024-10-11 04:50:37.991135+00:00
153.0.150.14,AVAILABILITY,domains.list,2024-10-11 04:50:48.235090+00:00
155.94.88.58,AVAILABILITY,domains.list,2024-10-11 04:50:58.729007+00:00
156.155.253.221,AVAILABILITY,domains.list,2024-10-11 04:51:11.274758+00:00
157.119.123.236,AVAILABILITY,domains.list,2024-10-11 04:53:53.799036+00:00
157.230.101.83,AVAILABILITY,domains.list,2024-10-11 04:54:04.009590+00:00
157.230.29.186,AVAILABILITY,domains.list,2024-10-11 04:54:14.177022+00:00
157.245.239.235,AVAILABILITY,domains.list,2024-10-11 04:54:24.381019+00:00
159.203.196.100,AVAILABILITY,domains.list,2024-10-11 04:54:34.554258+00:00
159.65.164.0,AVAILABILITY,domains.list,2024-10-11 04:54:44.767238+00:00
159.65.99.152,AVAILABILITY,domains.list,2024-10-11 04:54:54.961117+00:00
159.89.44.76,AVAILABILITY,domains.list,2024-10-11 04:54:55.155821+00:00
161.117.193.196,AVAILABILITY,domains.list,2024-10-11 04:55:05.580493+00:00
162.243.142.143,AVAILABILITY,domains.list,2024-10-11 04:55:15.783733+00:00
163.30.196.168,AVAILABILITY,domains.list,2024-10-11 04:55:30.542628+00:00
165.227.32.81,AVAILABILITY,domains.list,2024-10-11 04:55:40.899710+00:00
167.71.158.196,AVAILABILITY,domains.list,2024-10-11 04:55:51.093970+00:00
171.118.71.178,AVAILABILITY,domains.list,2024-10-11 04:56:01.332067+00:00
175.117.145.239,AVAILABILITY,domains.list,2024-10-11 04:56:12.368307+00:00
175.8.50.244,AVAILABILITY,domains.list,2024-10-11 04:56:22.608280+00:00
176.121.14.217,AVAILABILITY,domains.list,2024-10-11 04:56:32.786333+00:00
177.73.224.38,AVAILABILITY,domains.list,2024-10-11 04:56:53.360347+00:00
178.128.120.205,AVAILABILITY,domains.list,2024-10-11 04:57:03.582249+00:00
178.128.13.61,AVAILABILITY,domains.list,2024-10-11 04:57:13.980796+00:00
178.128.165.111,AVAILABILITY,domains.list,2024-10-11 04:57:14.482818+00:00
178.33.35.0,AVAILABILITY,domains.list,2024-10-11 04:57:25.005212+00:00
181.41.216.130,AVAILABILITY,domains.list,2024-10-11 04:57:35.210229+00:00
181.41.216.131,AVAILABILITY,domains.list,2024-10-11 04:57:45.391795+00:00
181.41.216.132,AVAILABILITY,domains.list,2024-10-11 04:57:55.668656+00:00
181.41.216.133,AVAILABILITY,domains.list,2024-10-11 04:58:05.896946+00:00
181.41.216.134,AVAILABILITY,domains.list,2024-10-11 04:58:16.201867+00:00
181.41.216.135,AVAILABILITY,domains.list,2024-10-11 04:58:26.469480+00:00
181.41.216.136,AVAILABILITY,domains.list,2024-10-11 04:58:36.692840+00:00
181.41.216.137,AVAILABILITY,domains.list,2024-10-11 04:58:46.869196+00:00
181.41.216.138,AVAILABILITY,domains.list,2024-10-11 04:58:57.048135+00:00
181.41.216.139,AVAILABILITY,domains.list,2024-10-11 04:59:07.276725+00:00
181.41.216.140,AVAILABILITY,domains.list,2024-10-11 04:59:17.452432+00:00
181.41.216.141,AVAILABILITY,domains.list,2024-10-11 04:59:27.617391+00:00
181.41.216.142,AVAILABILITY,domains.list,2024-10-11 04:59:37.797631+00:00
181.41.216.143,AVAILABILITY,domains.list,2024-10-11 04:59:48.020018+00:00
181.41.216.144,AVAILABILITY,domains.list,2024-10-11 04:59:58.200708+00:00
181.41.216.145,AVAILABILITY,domains.list,2024-10-11 05:00:08.435921+00:00
182.100.67.235,AVAILABILITY,domains.list,2024-10-11 05:00:18.813995+00:00
182.254.215.222,AVAILABILITY,domains.list,2024-10-11 05:00:30.026079+00:00
182.61.14.153,AVAILABILITY,domains.list,2024-10-11 05:00:42.218866+00:00
182.61.179.84,AVAILABILITY,domains.list,2024-10-11 05:00:54.275015+00:00
182.61.64.205,AVAILABILITY,domains.list,2024-10-11 05:01:06.331547+00:00
183.12.240.217,AVAILABILITY,domains.list,2024-10-11 05:01:16.738989+00:00
183.12.242.198,AVAILABILITY,domains.list,2024-10-11 05:01:26.978146+00:00
183.131.83.5,AVAILABILITY,domains.list,2024-10-11 05:01:30.070738+00:00
183.160.238.199,AVAILABILITY,domains.list,2024-10-11 05:01:40.294407+00:00
183.17.57.128,AVAILABILITY,domains.list,2024-10-11 05:01:50.616976+00:00
183.17.58.46,AVAILABILITY,domains.list,2024-10-11 05:02:00.865625+00:00
183.17.58.58,AVAILABILITY,domains.list,2024-10-11 05:02:11.106310+00:00
183.17.59.111,AVAILABILITY,domains.list,2024-10-11 05:02:21.352959+00:00
183.17.61.92,AVAILABILITY,domains.list,2024-10-11 05:02:31.638996+00:00
183.17.62.119,AVAILABILITY,domains.list,2024-10-11 05:02:41.863208+00:00
183.17.62.22,AVAILABILITY,domains.list,2024-10-11 05:02:52.082369+00:00
183.17.62.228,AVAILABILITY,domains.list,2024-10-11 05:03:02.380553+00:00
184.69.19.14,AVAILABILITY,domains.list,2024-10-11 05:03:13.470216+00:00
185.100.222.110,AVAILABILITY,domains.list,2024-10-11 05:03:23.645670+00:00
185.100.87.247,AVAILABILITY,domains.list,2024-10-11 05:03:24.806934+00:00
178.32.105.63,AVAILABILITY,domains.list,2024-10-11 05:03:35.701936+00:00
54.38.11.249,AVAILABILITY,domains.list,2024-10-11 05:03:46.285482+00:00
54.36.151.64,AVAILABILITY,domains.list,2024-10-11 05:03:56.793224+00:00
185.234.217.102,AVAILABILITY,domains.list,2024-10-11 05:04:06.974911+00:00
185.234.217.125,AVAILABILITY,domains.list,2024-10-11 05:04:17.190791+00:00
185.234.217.126,AVAILABILITY,domains.list,2024-10-11 05:04:27.348701+00:00
185.234.217.127,AVAILABILITY,domains.list,2024-10-11 05:04:37.617671+00:00
185.234.217.152,AVAILABILITY,domains.list,2024-10-11 05:04:47.797767+00:00
185.234.217.164,AVAILABILITY,domains.list,2024-10-11 05:04:57.980561+00:00
185.234.217.34,AVAILABILITY,domains.list,2024-10-11 05:05:08.162072+00:00
164.132.75.34,AVAILABILITY,domains.list,2024-10-11 05:05:18.644012+00:00
185.189.114.98,AVAILABILITY,domains.list,2024-10-11 05:05:19.146434+00:00
185.207.232.232,AVAILABILITY,domains.list,2024-10-11 05:05:20.082046+00:00
185.208.211.137,AVAILABILITY,domains.list,2024-10-11 05:05:32.197816+00:00
185.208.211.145,AVAILABILITY,domains.list,2024-10-11 05:05:44.038701+00:00
185.208.211.151,AVAILABILITY,domains.list,2024-10-11 05:05:55.520803+00:00
185.208.211.158,AVAILABILITY,domains.list,2024-10-11 05:06:06.462320+00:00
185.208.211.163,AVAILABILITY,domains.list,2024-10-11 05:06:17.246306+00:00
185.208.211.173,AVAILABILITY,domains.list,2024-10-11 05:06:28.310126+00:00
185.208.211.195,AVAILABILITY,domains.list,2024-10-11 05:06:38.854347+00:00
185.208.211.29,AVAILABILITY,domains.list,2024-10-11 05:09:27.909899+00:00
185.208.211.52,AVAILABILITY,domains.list,2024-10-11 05:09:39.041023+00:00
185.208.211.54,AVAILABILITY,domains.list,2024-10-11 05:09:49.891767+00:00
185.208.211.90,AVAILABILITY,domains.list,2024-10-11 05:10:00.688779+00:00
185.208.211.91,AVAILABILITY,domains.list,2024-10-11 05:10:11.622265+00:00
185.228.28.32,AVAILABILITY,domains.list,2024-10-11 05:10:21.778148+00:00
185.228.82.117,AVAILABILITY,domains.list,2024-10-11 05:10:32.243265+00:00
185.228.82.119,AVAILABILITY,domains.list,2024-10-11 05:10:42.823974+00:00
185.234.217.105,AVAILABILITY,domains.list,2024-10-11 05:10:52.975067+00:00
185.234.217.107,AVAILABILITY,domains.list,2024-10-11 05:11:03.122438+00:00
51.38.242.208,AVAILABILITY,domains.list,2024-10-11 05:11:13.833105+00:00
185.234.217.114,AVAILABILITY,domains.list,2024-10-11 05:11:23.985364+00:00
185.234.217.149,AVAILABILITY,domains.list,2024-10-11 05:11:34.114180+00:00
185.234.217.160,AVAILABILITY,domains.list,2024-10-11 05:11:44.243815+00:00
185.234.217.192,AVAILABILITY,domains.list,2024-10-11 05:11:54.375147+00:00
185.234.217.203,AVAILABILITY,domains.list,2024-10-11 05:12:04.499653+00:00
185.234.217.21,AVAILABILITY,domains.list,2024-10-11 05:12:14.630871+00:00
185.234.217.218,AVAILABILITY,domains.list,2024-10-11 05:12:24.795508+00:00
185.234.217.28,AVAILABILITY,domains.list,2024-10-11 05:12:35.119480+00:00
185.234.217.29,AVAILABILITY,domains.list,2024-10-11 05:12:45.273807+00:00
185.234.217.31,AVAILABILITY,domains.list,2024-10-11 05:12:55.405143+00:00
185.234.217.32,AVAILABILITY,domains.list,2024-10-11 05:13:05.535331+00:00
185.234.217.33,AVAILABILITY,domains.list,2024-10-11 05:13:15.678690+00:00
185.234.217.45,AVAILABILITY,domains.list,2024-10-11 05:13:25.827809+00:00
185.234.217.58,AVAILABILITY,domains.list,2024-10-11 05:13:35.956814+00:00
185.234.217.64,AVAILABILITY,domains.list,2024-10-11 05:13:46.114100+00:00
186.67.23.122,AVAILABILITY,domains.list,2024-10-11 05:13:47.653749+00:00
104.131.184.239,AVAILABILITY,domains.list,2024-10-11 05:13:57.998007+00:00
51.75.27.239,AVAILABILITY,domains.list,2024-10-11 05:14:08.423849+00:00
51.79.130.164,AVAILABILITY,domains.list,2024-10-11 05:14:18.852503+00:00
185.234.217.67,AVAILABILITY,domains.list,2024-10-11 05:14:28.983522+00:00
185.234.217.73,AVAILABILITY,domains.list,2024-10-11 05:14:39.113011+00:00
185.234.218.40,AVAILABILITY,domains.list,2024-10-11 05:14:49.945564+00:00
185.234.218.41,AVAILABILITY,domains.list,2024-10-11 05:15:00.899246+00:00
185.234.218.42,AVAILABILITY,domains.list,2024-10-11 05:15:11.505836+00:00
185.234.218.43,AVAILABILITY,domains.list,2024-10-11 05:15:22.010605+00:00
185.234.218.44,AVAILABILITY,domains.list,2024-10-11 05:15:32.852800+00:00
185.234.218.54,AVAILABILITY,domains.list,2024-10-11 05:15:43.198898+00:00
185.234.218.55,AVAILABILITY,domains.list,2024-10-11 05:15:53.649414+00:00
185.234.218.56,AVAILABILITY,domains.list,2024-10-11 05:16:04.538780+00:00
149.56.97.26,AVAILABILITY,domains.list,2024-10-11 05:16:15.048679+00:00
176.31.39.77,AVAILABILITY,domains.list,2024-10-11 05:16:15.772397+00:00
185.234.218.62,AVAILABILITY,domains.list,2024-10-11 05:16:26.311540+00:00
185.234.219.222,AVAILABILITY,domains.list,2024-10-11 05:16:36.463518+00:00
185.234.219.226,AVAILABILITY,domains.list,2024-10-11 05:16:46.598054+00:00
185.234.219.230,AVAILABILITY,domains.list,2024-10-11 05:16:56.728992+00:00
185.234.219.231,AVAILABILITY,domains.list,2024-10-11 05:17:06.878031+00:00
185.234.219.232,AVAILABILITY,domains.list,2024-10-11 05:17:17.007317+00:00
185.234.219.233,AVAILABILITY,domains.list,2024-10-11 05:17:27.156392+00:00
185.234.219.234,AVAILABILITY,domains.list,2024-10-11 05:17:37.320492+00:00
185.234.219.235,AVAILABILITY,domains.list,2024-10-11 05:17:47.468983+00:00
185.234.219.37,AVAILABILITY,domains.list,2024-10-11 05:17:57.628442+00:00
185.234.219.39,AVAILABILITY,domains.list,2024-10-11 05:18:07.779803+00:00
185.234.219.42,AVAILABILITY,domains.list,2024-10-11 05:18:17.910498+00:00
185.234.219.43,AVAILABILITY,domains.list,2024-10-11 05:18:28.064786+00:00
185.234.219.44,AVAILABILITY,domains.list,2024-10-11 05:18:38.193025+00:00
185.234.219.45,AVAILABILITY,domains.list,2024-10-11 05:18:48.338895+00:00
185.246.128.25,AVAILABILITY,domains.list,2024-10-11 05:18:49.327600+00:00
185.254.120.6,AVAILABILITY,domains.list,2024-10-11 05:18:59.539843+00:00
186.4.3.197,AVAILABILITY,domains.list,2024-10-11 05:19:10.609394+00:00
187.95.36.187,AVAILABILITY,domains.list,2024-10-11 05:19:20.735447+00:00
188.92.75.240,AVAILABILITY,domains.list,2024-10-11 05:19:31.786101+00:00
188.92.75.248,AVAILABILITY,domains.list,2024-10-11 05:19:33.197544+00:00
188.92.77.12,AVAILABILITY,domains.list,2024-10-11 05:19:43.845643+00:00
188.92.77.235,AVAILABILITY,domains.list,2024-10-11 05:19:44.876151+00:00
188.95.226.94,AVAILABILITY,domains.list,2024-10-11 05:19:46.220975+00:00
191.235.96.99,AVAILABILITY,domains.list,2024-10-11 05:19:56.478726+00:00
192.144.139.95,AVAILABILITY,domains.list,2024-10-11 05:20:07.274287+00:00
192.144.173.202,AVAILABILITY,domains.list,2024-10-11 05:20:17.892572+00:00
193.105.134.97,AVAILABILITY,domains.list,2024-10-11 05:20:18.761786+00:00
193.109.240.23,AVAILABILITY,domains.list,2024-10-11 05:20:37.644950+00:00
193.112.154.67,AVAILABILITY,domains.list,2024-10-11 05:20:48.454833+00:00
193.169.252.100,AVAILABILITY,domains.list,2024-10-11 05:20:58.599685+00:00
193.169.252.113,AVAILABILITY,domains.list,2024-10-11 05:21:08.730271+00:00
193.169.252.142,AVAILABILITY,domains.list,2024-10-11 05:21:18.900042+00:00
193.169.252.143,AVAILABILITY,domains.list,2024-10-11 05:21:29.035541+00:00
193.169.252.145,AVAILABILITY,domains.list,2024-10-11 05:21:39.333974+00:00
193.169.252.146,AVAILABILITY,domains.list,2024-10-11 05:21:49.468871+00:00
193.169.252.147,AVAILABILITY,domains.list,2024-10-11 05:21:59.617033+00:00
193.169.252.148,AVAILABILITY,domains.list,2024-10-11 05:22:09.799238+00:00
193.169.252.149,AVAILABILITY,domains.list,2024-10-11 05:22:19.934339+00:00
